position	distance	allele0_0	allele0_1	allele1_0	allele1_1
N/A	0.000533471	0.999703	0.000297157	0.0023275	0.997672
N/A	0.000785634	0.999694	0.00030551	0.00527113	0.994729
N/A	0.000850454	0.999698	0.000301542	0.00100494	0.998995
N/A	0.000869314	0.999713	0.00028694	0.00270969	0.99729
N/A	0.000880135	0.999703	0.000296557	1.73943e-07	1
N/A	0.000892575	0.9997	0.00029974	0.00112483	0.998875
N/A	0.000903162	0.999692	0.000307733	3.8883e-06	0.999996
N/A	0.000921609	0.999698	0.000301885	2.35981e-05	0.999976
N/A	0.000929018	0.999699	0.000300849	1.7579e-07	1
N/A	0.000932477	0.999698	0.00030191	0.00623941	0.993761
N/A	0.00093887	0.999701	0.000299357	0.00298529	0.997015
N/A	0.000944469	0.999698	0.000302285	0.00283441	0.997166
N/A	0.000950995	0.999699	0.000301219	2.37637e-07	1
N/A	0.000953251	0.999714	0.000285859	5.60035e-07	0.999999
N/A	0.000960122	0.999717	0.000283222	0.000421125	0.999579
N/A	0.000975557	0.999698	0.00030197	4.95207e-05	0.99995
N/A	0.000983771	0.99969	0.000309532	1.52723e-05	0.999985
N/A	0.000985443	0.999703	0.000296618	1.81419e-07	1
N/A	0.000986533	0.999695	0.00030461	3.0792e-06	0.999997
N/A	0.000999684	0.999704	0.000296252	3.75744e-06	0.999996
N/A	0.00100639	0.999686	0.000314475	0.000203976	0.999796
N/A	0.00100992	0.999708	0.000291755	4.4497e-05	0.999956
N/A	0.00104291	0.999687	0.000312696	1.28261e-05	0.999987
N/A	0.00104303	0.999692	0.000307584	1.20051e-06	0.999999
N/A	0.00104883	0.999706	0.000293531	3.88869e-06	0.999996
N/A	0.00105183	0.999697	0.0003033	0.00095638	0.999044
N/A	0.0010533	0.999687	0.000313149	1.29355e-07	1
N/A	0.00105662	0.999704	0.000295889	4.33492e-06	0.999996
N/A	0.00106362	0.999701	0.000298745	3.31402e-05	0.999967
N/A	0.00106925	0.999699	0.000301236	4.96798e-06	0.999995
N/A	0.00107342	0.999698	0.000301802	3.2353e-05	0.999968
N/A	0.00108262	0.999705	0.000295109	9.0161e-06	0.999991
N/A	0.00109417	0.999697	0.000302807	1.55119e-05	0.999984
N/A	0.00109847	0.999695	0.000304894	6.45661e-05	0.999935
N/A	0.00109871	0.999705	0.000295386	6.52178e-07	0.999999
N/A	0.00109957	0.999709	0.00029134	7.94546e-05	0.999921
N/A	0.00110272	0.999685	0.00031526	0.00452696	0.995473
N/A	0.00110364	0.999679	0.000321347	4.13713e-05	0.999959
N/A	0.00112633	0.999721	0.000279455	3.3443e-07	1
N/A	0.00112808	0.999685	0.000315368	1.66912e-06	0.999998
N/A	0.00113002	0.999697	0.000302629	0.00248429	0.997516
N/A	0.00113873	0.9997	0.000299586	8.58531e-07	0.999999
N/A	0.00114167	0.999692	0.000307866	1.97007e-05	0.99998
N/A	0.00114715	0.999698	0.000301915	2.91881e-07	1
N/A	0.00114789	0.999717	0.000282726	2.46906e-05	0.999975
N/A	0.00115401	0.99969	0.000309924	0.00733066	0.992669
N/A	0.00116193	0.999711	0.000288789	4.06239e-05	0.999959
N/A	0.0011627	0.999699	0.000301063	4.75078e-07	1
N/A	0.001167	0.999685	0.00031522	1.47158e-07	1
N/A	0.00117174	0.99971	0.000290365	0.000607179	0.999393
N/A	0.00117662	0.999692	0.000307748	2.20567e-06	0.999998
N/A	0.00117946	0.999687	0.000313132	0.00773711	0.992263
N/A	0.00118429	0.999687	0.000312543	2.16236e-05	0.999978
N/A	0.00118919	0.999697	0.000302986	9.30112e-05	0.999907
N/A	0.00119223	0.999712	0.000287784	0.000602794	0.999397
N/A	0.00119498	0.999689	0.00031083	0.00103544	0.998965
N/A	0.00119759	0.999698	0.000302407	0.0024973	0.997503
N/A	0.00119913	0.999693	0.000306541	5.63992e-06	0.999994
N/A	0.00120523	0.999698	0.000301887	3.92725e-07	1
N/A	0.00120611	0.999718	0.000282382	2.20523e-06	0.999998
N/A	0.00121099	0.99969	0.000310134	0.00442548	0.995575
N/A	0.00121205	0.999724	0.000276329	9.83871e-07	0.999999
N/A	0.0012158	0.999719	0.000280967	9.68828e-05	0.999903
N/A	0.00122257	0.999695	0.000304649	0.000320692	0.999679
N/A	0.00122783	0.999701	0.000299406	5.54045e-07	0.999999
N/A	0.00122856	0.999703	0.000297033	0.00569985	0.9943
N/A	0.00123985	0.999694	0.000306274	1.9791e-06	0.999998
N/A	0.00124038	0.999712	0.000288441	1.04789e-05	0.99999
N/A	0.00124642	0.999696	0.000303516	0.00526655	0.994733
N/A	0.00124799	0.999709	0.000290852	0.00142363	0.998576
N/A	0.00125295	0.999677	0.00032344	0.00645392	0.993546
N/A	0.00125358	0.9997	0.00030016	1.41996e-05	0.999986
N/A	0.00125784	0.999712	0.000287722	1.81995e-06	0.999998
N/A	0.00125914	0.999707	0.00029292	7.03913e-06	0.999993
N/A	0.00126077	0.999718	0.000282286	0.0030547	0.996945
N/A	0.00126215	0.999698	0.000302241	2.03742e-05	0.99998
N/A	0.00126378	0.999705	0.000295396	3.63377e-07	1
N/A	0.00126465	0.999705	0.000295293	4.77087e-05	0.999952
N/A	0.00127008	0.999706	0.000294076	3.42404e-05	0.999966
N/A	0.00127021	0.999713	0.000287009	3.42978e-05	0.999966
N/A	0.00127191	0.999698	0.000302039	0.000239265	0.999761
N/A	0.00128031	0.999687	0.000312816	3.20349e-05	0.999968
N/A	0.00128271	0.999717	0.000283139	1.09958e-06	0.999999
N/A	0.00128297	0.999718	0.000282227	6.46319e-06	0.999994
N/A	0.0012835	0.999723	0.000276568	5.78583e-07	0.999999
N/A	0.00128383	0.999692	0.000308001	0.00352322	0.996477
N/A	0.00128765	0.999705	0.000294958	2.6463e-07	1
N/A	0.00129073	0.999677	0.000323315	0.00020998	0.99979
N/A	0.0012929	0.999684	0.000316168	0.000127739	0.999872
N/A	0.00129651	0.999704	0.000296274	0.000391838	0.999608
N/A	0.00129776	0.999703	0.00029736	1.54906e-06	0.999998
N/A	0.00130037	0.999671	0.000328646	0.00513017	0.99487
N/A	0.00130713	0.999724	0.000276311	5.30933e-06	0.999995
N/A	0.00131546	0.99967	0.000329845	9.79841e-07	0.999999
N/A	0.00131602	0.999715	0.000285102	1.44416e-06	0.999999
N/A	0.00132504	0.999711	0.000289481	3.56278e-06	0.999996
N/A	0.00132826	0.99969	0.000310455	0.0099383	0.990062
N/A	0.00133236	0.999698	0.000301502	1.85377e-05	0.999981
N/A	0.00133822	0.999687	0.00031329	2.24932e-05	0.999978
N/A	0.00134452	0.999681	0.000318646	1.05986e-06	0.999999
N/A	0.00134618	0.999712	0.000288183	0.00147129	0.998529
N/A	0.00134739	0.9997	0.000299791	0.000464056	0.999536
N/A	0.00135025	0.999706	0.000294453	0.000347889	0.999652
N/A	0.0013509	0.999723	0.000277139	0.000208316	0.999792
N/A	0.00135131	0.999701	0.000298613	0.00515266	0.994847
N/A	0.0013541	0.999694	0.000305803	1.21257e-05	0.999988
N/A	0.0013678	0.999705	0.000294733	1.08211e-06	0.999999
N/A	0.00136786	0.999704	0.000296069	2.55475e-05	0.999974
N/A	0.00137032	0.999707	0.000292772	0.00599385	0.994006
N/A	0.00137187	0.999691	0.000308675	6.59716e-06	0.999993
N/A	0.00137318	0.999695	0.000305102	3.68556e-07	1
N/A	0.0013747	0.999712	0.00028768	3.9291e-06	0.999996
N/A	0.00137803	0.999701	0.000298752	1.29269e-05	0.999987
N/A	0.00138307	0.999709	0.000291334	0.000356227	0.999644
N/A	0.0013876	0.999707	0.000293131	1.96882e-05	0.99998
N/A	0.00139084	0.999704	0.000296009	1.63685e-05	0.999984
N/A	0.0013917	0.999713	0.000286503	0.00024684	0.999753
N/A	0.00139375	0.999726	0.000273781	0.00268337	0.997317
N/A	0.00139415	0.999684	0.000316379	0.00428991	0.99571
N/A	0.00139915	0.999704	0.000296059	1.75753e-07	1
N/A	0.00140035	0.999701	0.000298942	5.91641e-07	0.999999
N/A	0.00140121	0.999699	0.000301355	5.75857e-07	0.999999
N/A	0.00140925	0.999708	0.000292069	7.50496e-06	0.999992
N/A	0.00141007	0.999705	0.000294795	9.47083e-07	0.999999
N/A	0.00141454	0.99969	0.000310011	1.17007e-05	0.999988
N/A	0.00141654	0.999702	0.000298179	4.06037e-05	0.999959
N/A	0.00141834	0.999703	0.000297011	6.20977e-06	0.999994
N/A	0.00141946	0.999706	0.000294248	0.00295116	0.997049
N/A	0.00141951	0.99969	0.000310185	0.00118899	0.998811
N/A	0.00142085	0.999698	0.000302271	6.44873e-07	0.999999
N/A	0.00142605	0.999718	0.00028224	2.13032e-05	0.999979
N/A	0.0014273	0.999695	0.000304731	0.000625134	0.999375
N/A	0.00143129	0.999719	0.000281288	3.73446e-05	0.999963
N/A	0.00143209	0.999693	0.000307265	0.00545166	0.994548
N/A	0.00143251	0.999688	0.000312296	4.25388e-07	1
N/A	0.001436	0.999697	0.000302789	3.10084e-06	0.999997
N/A	0.0014363	0.999703	0.000297397	0.000573514	0.999426
N/A	0.00144153	0.999726	0.000274219	9.3727e-07	0.999999
N/A	0.00144164	0.999722	0.000277875	2.82651e-05	0.999972
N/A	0.0014417	0.9997	0.00030011	8.9491e-07	0.999999
N/A	0.00144655	0.999707	0.000293069	1.46512e-07	1
N/A	0.00144823	0.99969	0.000310141	0.0072428	0.992757
N/A	0.0014494	0.999701	0.000299419	3.38005e-05	0.999966
N/A	0.00144952	0.999697	0.000303482	6.56446e-06	0.999993
N/A	0.00145144	0.999693	0.000306931	0.00514151	0.994858
N/A	0.00145464	0.999731	0.000268565	3.0295e-05	0.99997
N/A	0.00145669	0.999704	0.00029614	2.91911e-07	1
N/A	0.0014567	0.999697	0.000303136	2.09129e-07	1
N/A	0.00145671	0.999698	0.000301788	9.81708e-06	0.99999
N/A	0.00145903	0.999727	0.00027281	2.70635e-07	1
N/A	0.00146078	0.999704	0.000295857	0.00507492	0.994925
N/A	0.00146082	0.999708	0.000291595	4.901e-06	0.999995
N/A	0.00146283	0.999704	0.000296292	4.72487e-05	0.999953
N/A	0.00146434	0.999723	0.000277286	5.05768e-06	0.999995
N/A	0.00146597	0.999704	0.000295921	3.79827e-06	0.999996
N/A	0.001468	0.9997	0.000300017	0.00697146	0.993029
N/A	0.00146825	0.999696	0.000304163	0.000172058	0.999828
N/A	0.00146996	0.999706	0.000294312	1.6409e-06	0.999998
N/A	0.00147421	0.999701	0.000298555	1.67082e-07	1
N/A	0.0014772	0.999717	0.000282915	0.000189867	0.99981
N/A	0.00147741	0.999693	0.000307375	0.00350552	0.996494
N/A	0.0014805	0.999694	0.000306239	8.01673e-06	0.999992
N/A	0.00148162	0.999702	0.00029769	0.000145258	0.999855
N/A	0.00148555	0.999685	0.000315375	0.00669754	0.993302
N/A	0.00148714	0.999699	0.000301362	1.04855e-05	0.99999
N/A	0.00148936	0.999712	0.000288177	4.65488e-06	0.999995
N/A	0.00149024	0.9997	0.000299718	6.2529e-07	0.999999
N/A	0.00149151	0.999717	0.000282732	4.54638e-06	0.999995
N/A	0.0014923	0.999703	0.000297282	2.47637e-06	0.999998
N/A	0.00149549	0.999701	0.000299375	4.86265e-06	0.999995
N/A	0.00149763	0.999714	0.000286075	0.00196448	0.998036
N/A	0.00149851	0.999688	0.000312078	8.10699e-05	0.999919
N/A	0.00150081	0.99969	0.000310267	1.6521e-06	0.999998
N/A	0.00150128	0.999679	0.000321054	9.98059e-05	0.9999
N/A	0.00150538	0.999698	0.000302291	0.000351688	0.999648
N/A	0.00150639	0.999713	0.000286568	3.73699e-07	1
N/A	0.00150656	0.999705	0.000295465	1.64768e-05	0.999984
N/A	0.00150712	0.999687	0.000313397	4.98689e-05	0.99995
N/A	0.00150967	0.999731	0.000269232	0.000145392	0.999855
N/A	0.00151007	0.999702	0.000298074	0.000751961	0.999248
N/A	0.00151019	0.999715	0.000284596	3.10475e-07	1
N/A	0.00151049	0.999699	0.000300967	4.79735e-05	0.999952
N/A	0.00151394	0.999717	0.000282847	6.73428e-06	0.999993
N/A	0.00151431	0.999715	0.000284894	2.52715e-06	0.999997
N/A	0.00151481	0.999714	0.000285589	2.44375e-05	0.999976
N/A	0.00151535	0.999696	0.000304459	0.000834803	0.999165
N/A	0.00151635	0.999703	0.000296609	1.66393e-07	1
N/A	0.00151717	0.999698	0.000302072	5.88025e-06	0.999994
N/A	0.00151738	0.999699	0.000300601	0.000589827	0.99941
N/A	0.00151912	0.9997	0.00029993	0.00310926	0.996891
N/A	0.00151923	0.999711	0.000289049	1.28604e-06	0.999999
N/A	0.00152011	0.999712	0.000287607	2.55885e-05	0.999974
N/A	0.00152062	0.999727	0.000272868	3.10161e-07	1
N/A	0.00152105	0.999703	0.000296735	9.14014e-06	0.999991
N/A	0.00152129	0.999712	0.000288382	6.56539e-07	0.999999
N/A	0.00152148	0.999721	0.000278712	3.07604e-05	0.999969
N/A	0.00152201	0.999706	0.000293999	1.98466e-07	1
N/A	0.00152357	0.999714	0.000285824	3.40979e-07	1
N/A	0.00152621	0.999711	0.000288697	0.00262697	0.997373
N/A	0.00152971	0.99972	0.000279725	8.10138e-06	0.999992
N/A	0.00153005	0.99972	0.000280185	0.000287823	0.999712
N/A	0.00153056	0.999712	0.000287626	2.21735e-06	0.999998
N/A	0.00153065	0.99969	0.000309645	0.000742578	0.999257
N/A	0.0015351	0.999706	0.000294058	0.00039188	0.999608
N/A	0.00153737	0.999714	0.000285849	1.7243e-07	1
N/A	0.0015398	0.999698	0.000301947	0.0002516	0.999748
N/A	0.00154028	0.999714	0.000286404	0.00254981	0.99745
N/A	0.00154128	0.999685	0.000315463	0.00504508	0.994955
N/A	0.00154184	0.999717	0.000283207	1.87154e-06	0.999998
N/A	0.00154485	0.999723	0.000277372	5.93505e-06	0.999994
N/A	0.00154528	0.999689	0.000310765	4.06984e-07	1
N/A	0.00154562	0.999709	0.000290949	0.000170738	0.999829
N/A	0.00154876	0.999703	0.000297208	1.75251e-05	0.999982
N/A	0.00155263	0.999711	0.000289025	0.0098461	0.990154
N/A	0.00155276	0.999695	0.000304899	0.000721667	0.999278
N/A	0.00155316	0.999681	0.000318615	9.91142e-06	0.99999
N/A	0.00155362	0.999694	0.000305608	9.21207e-06	0.999991
N/A	0.00155579	0.999686	0.000314106	1.4652e-07	1
N/A	0.00155605	0.999706	0.000294215	3.79676e-06	0.999996
N/A	0.00155642	0.999677	0.000323176	3.11059e-05	0.999969
N/A	0.0015568	0.999694	0.000305829	2.10264e-06	0.999998
N/A	0.0015598	0.999711	0.000288752	1.60708e-06	0.999998
N/A	0.0015752	0.999705	0.000294628	8.16704e-07	0.999999
N/A	0.0015772	0.999714	0.000285615	2.46481e-05	0.999975
N/A	0.0015779	0.999693	0.00030705	4.16735e-06	0.999996
N/A	0.00157823	0.999704	0.000296262	1.55039e-05	0.999984
N/A	0.00157945	0.999706	0.000293684	0.000157653	0.999842
N/A	0.00158203	0.999684	0.000315667	0.00399267	0.996007
N/A	0.00158242	0.999709	0.000290991	9.94624e-05	0.999901
N/A	0.00158321	0.999699	0.000300832	5.58638e-06	0.999994
N/A	0.00158489	0.9997	0.000299888	4.31237e-06	0.999996
N/A	0.00158573	0.999698	0.0003019	3.45404e-06	0.999997
N/A	0.00158677	0.999711	0.000288781	4.86736e-06	0.999995
N/A	0.00158703	0.999697	0.000303467	6.54587e-07	0.999999
N/A	0.00158759	0.999688	0.000312077	7.74889e-07	0.999999
N/A	0.0015889	0.999697	0.000302995	1.71417e-06	0.999998
N/A	0.00158936	0.999702	0.000297997	1.02191e-05	0.99999
N/A	0.00159003	0.999706	0.000293889	0.00112377	0.998876
N/A	0.00159265	0.999705	0.000294738	1.10319e-05	0.999989
N/A	0.00159825	0.999713	0.000287078	0.00174125	0.998259
N/A	0.0015988	0.999706	0.000294042	3.73686e-06	0.999996
N/A	0.00159894	0.999701	0.000299079	0.00199406	0.998006
N/A	0.00159897	0.999715	0.000284628	5.00077e-07	0.999999
N/A	0.00160088	0.999695	0.000305288	0.0045104	0.99549
N/A	0.00160169	0.999691	0.000309093	6.3737e-06	0.999994
N/A	0.00160504	0.999692	0.000308332	4.11182e-07	1
N/A	0.00160699	0.999706	0.000294014	0.00615931	0.993841
N/A	0.0016075	0.999716	0.000284326	1.07826e-06	0.999999
N/A	0.0016087	0.999709	0.000291178	2.07306e-06	0.999998
N/A	0.00160922	0.999716	0.000283912	3.87763e-07	1
N/A	0.00161096	0.999723	0.000277128	2.37831e-07	1
N/A	0.00161171	0.999716	0.000284127	0.000283603	0.999716
N/A	0.00161178	0.999705	0.000295139	4.54551e-07	1
N/A	0.00161223	0.999708	0.000291708	5.43252e-07	0.999999
N/A	0.00161278	0.999701	0.000298928	5.19588e-06	0.999995
N/A	0.00161826	0.999718	0.000281819	5.53761e-05	0.999945
N/A	0.0016209	0.999694	0.000305569	2.84291e-05	0.999972
N/A	0.00162156	0.99971	0.000289832	0.00893479	0.991065
N/A	0.00162371	0.999721	0.000279291	7.95966e-07	0.999999
N/A	0.00162552	0.999682	0.000318026	4.79071e-05	0.999952
N/A	0.00162562	0.99968	0.000319905	0.0024836	0.997516
N/A	0.00162671	0.999696	0.00030391	8.45633e-05	0.999915
N/A	0.00162691	0.999711	0.000289495	7.81364e-06	0.999992
N/A	0.00162751	0.999716	0.000284426	5.85568e-05	0.999941
N/A	0.00162894	0.99969	0.000310442	2.34697e-06	0.999998
N/A	0.00163	0.999696	0.000304047	6.35598e-06	0.999994
N/A	0.00163297	0.999675	0.00032505	0.000518324	0.999482
N/A	0.00163323	0.999706	0.000293822	1.15677e-07	1
N/A	0.00163485	0.999727	0.000272734	8.63155e-05	0.999914
N/A	0.00163731	0.99969	0.000310287	1.66422e-05	0.999983
N/A	0.00164079	0.999693	0.000307339	0.00729767	0.992702
N/A	0.00164116	0.999687	0.000313103	0.00049605	0.999504
N/A	0.00164142	0.999714	0.000285935	0.00899916	0.991001
N/A	0.00164248	0.999687	0.00031316	7.48278e-07	0.999999
N/A	0.00164303	0.999728	0.000271761	0.000152799	0.999847
N/A	0.00164449	0.999704	0.000296084	0.00114973	0.99885
N/A	0.00164585	0.999698	0.000302322	3.67926e-05	0.999963
N/A	0.001648	0.999728	0.00027224	4.43306e-07	1
N/A	0.00164898	0.999697	0.000302935	9.32711e-07	0.999999
N/A	0.00164928	0.999707	0.000293126	0.00231494	0.997685
N/A	0.00165073	0.999715	0.000284654	9.92257e-05	0.999901
N/A	0.00165386	0.999706	0.000294213	1.93435e-07	1
N/A	0.00165402	0.999705	0.00029454	0.00167111	0.998329
N/A	0.00165695	0.999691	0.000308531	1.3482e-07	1
N/A	0.0016586	0.999719	0.000280604	0.00126569	0.998734
N/A	0.00166139	0.999724	0.000276189	2.99167e-05	0.99997
N/A	0.00166169	0.999705	0.000294922	0.00016564	0.999834
N/A	0.00166196	0.999702	0.000298202	1.21156e-07	1
N/A	0.00166204	0.999714	0.00028612	8.61322e-05	0.999914
N/A	0.00166532	0.99968	0.000319745	0.000359863	0.99964
N/A	0.00166691	0.999699	0.000300758	5.18168e-07	0.999999
N/A	0.00166758	0.999702	0.000298191	4.44836e-06	0.999996
N/A	0.00166868	0.999687	0.00031278	1.21102e-07	1
N/A	0.00167094	0.999676	0.00032434	0.00419053	0.995809
N/A	0.00167359	0.999711	0.000288612	0.000734498	0.999266
N/A	0.00167797	0.999725	0.000274702	0.00271996	0.99728
N/A	0.00167811	0.999702	0.000298104	8.86719e-07	0.999999
N/A	0.00167828	0.999687	0.000313047	0.000592444	0.999408
N/A	0.00168166	0.999684	0.000316326	2.25556e-05	0.999977
N/A	0.0016822	0.999708	0.000291847	0.00491169	0.995088
N/A	0.00168467	0.999708	0.000291984	0.000574416	0.999426
N/A	0.00168515	0.999688	0.000311553	4.17248e-05	0.999958
N/A	0.00168545	0.999688	0.000311962	0.000227036	0.999773
N/A	0.00168551	0.999712	0.000288362	2.25527e-06	0.999998
N/A	0.00168578	0.999695	0.000304703	0.00392732	0.996073
N/A	0.00168644	0.99971	0.000289617	1.17403e-05	0.999988
N/A	0.00168976	0.999696	0.000304143	6.07403e-05	0.999939
N/A	0.00168982	0.999677	0.000323486	0.00478318	0.995217
N/A	0.00169305	0.999694	0.000306343	0.000425217	0.999575
N/A	0.00169389	0.999705	0.000295325	9.17362e-07	0.999999
N/A	0.00169426	0.999697	0.000302613	1.73783e-05	0.999983
N/A	0.00169581	0.999689	0.000310893	1.43648e-07	1
N/A	0.00169613	0.999728	0.000272116	3.64355e-06	0.999996
N/A	0.00169677	0.999689	0.000311098	0.000935615	0.999064
N/A	0.0016972	0.999699	0.000301132	0.000152597	0.999847
N/A	0.00169882	0.999702	0.000297797	1.86622e-07	1
N/A	0.00169892	0.999682	0.000317591	1.50739e-05	0.999985
N/A	0.00169911	0.999715	0.000284603	4.77422e-07	1
N/A	0.00170095	0.999695	0.000305328	3.46523e-06	0.999997
N/A	0.00170176	0.99972	0.000279547	2.20714e-06	0.999998
N/A	0.0017039	0.999709	0.000290889	2.46542e-05	0.999975
N/A	0.00170435	0.999723	0.000277374	0.00530646	0.994694
N/A	0.00170683	0.999701	0.00029906	7.43349e-06	0.999993
N/A	0.00170849	0.999703	0.000296792	0.00286303	0.997137
N/A	0.00170917	0.999698	0.00030155	4.12924e-05	0.999959
N/A	0.00171057	0.999723	0.000276798	0.00301526	0.996985
N/A	0.00171134	0.999688	0.00031154	9.96007e-07	0.999999
N/A	0.00171175	0.999707	0.000292781	2.13845e-07	1
N/A	0.0017145	0.99971	0.000289918	3.48108e-07	1
N/A	0.00171636	0.999702	0.000297722	0.000136863	0.999863
N/A	0.0017165	0.99972	0.00027979	1.4267e-06	0.999999
N/A	0.00171813	0.999705	0.000295398	3.95889e-05	0.99996
N/A	0.00171898	0.999714	0.000285632	8.29894e-06	0.999992
N/A	0.00171977	0.999706	0.000293675	0.0071277	0.992872
N/A	0.00171988	0.999722	0.000277933	2.19947e-06	0.999998
N/A	0.00171988	0.999718	0.000281735	1.28921e-07	1
N/A	0.00172038	0.999674	0.000325911	0.000539536	0.99946
N/A	0.00172067	0.999706	0.000293783	0.00093135	0.999069
N/A	0.00172307	0.999708	0.000291648	0.00027273	0.999727
N/A	0.00172421	0.999688	0.000311832	2.39491e-05	0.999976
N/A	0.00172559	0.999683	0.000316579	0.00581712	0.994183
N/A	0.00172593	0.999697	0.000302603	9.24776e-07	0.999999
N/A	0.00172618	0.99969	0.000309646	8.87523e-07	0.999999
N/A	0.00172797	0.999703	0.000297107	0.00546636	0.994534
N/A	0.00172822	0.999712	0.000288094	2.57215e-05	0.999974
N/A	0.00172952	0.999682	0.000317928	3.6511e-07	1
N/A	0.0017352	0.999708	0.000291686	0.000136401	0.999864
N/A	0.00173583	0.999701	0.000298776	0.00520207	0.994798
N/A	0.00173876	0.999706	0.000293934	2.00002e-06	0.999998
N/A	0.00173936	0.999679	0.000320614	7.25248e-05	0.999927
N/A	0.00173951	0.999694	0.000306304	1.15368e-07	1
N/A	0.00173965	0.999705	0.000294682	0.000474143	0.999526
N/A	0.00174124	0.999727	0.000273084	1.21374e-07	1
N/A	0.0017423	0.999723	0.000277074	0.000123511	0.999876
N/A	0.00174241	0.999706	0.000294452	5.99173e-06	0.999994
N/A	0.00174595	0.999687	0.000312773	2.0223e-07	1
N/A	0.00174693	0.999696	0.000303751	9.08597e-05	0.999909
N/A	0.00174795	0.999723	0.000276625	1.05906e-06	0.999999
N/A	0.00174815	0.999704	0.000295643	3.95141e-05	0.99996
N/A	0.00175081	0.999703	0.000297322	0.0015035	0.998496
N/A	0.00175465	0.999697	0.000303305	3.40695e-07	1
N/A	0.00175535	0.999703	0.000297465	0.00689351	0.993106
N/A	0.00175589	0.999687	0.000312819	0.000157077	0.999843
N/A	0.00175775	0.999709	0.00029138	9.17611e-07	0.999999
N/A	0.00175778	0.9997	0.000300435	0.00229327	0.997707
N/A	0.0017641	0.999691	0.00030857	0.00232767	0.997672
N/A	0.00176523	0.999714	0.000285674	8.98185e-06	0.999991
N/A	0.00176615	0.999736	0.000264377	1.31652e-07	1
N/A	0.00176634	0.99969	0.000309529	0.000506604	0.999493
N/A	0.00176771	0.999698	0.000301717	0.000461841	0.999538
N/A	0.00176846	0.999701	0.000299023	4.46217e-06	0.999996
N/A	0.00177064	0.99969	0.000309774	1.10379e-07	1
N/A	0.00177146	0.999691	0.000309329	5.96393e-05	0.99994
N/A	0.00177639	0.999679	0.000320796	8.76612e-05	0.999912
N/A	0.00177696	0.999702	0.000297803	3.9826e-07	1
N/A	0.00178076	0.999723	0.000277099	0.0037042	0.996296
N/A	0.00178155	0.999712	0.000288257	2.24229e-07	1
N/A	0.0017831	0.999701	0.000298723	7.6778e-05	0.999923
N/A	0.00178319	0.999698	0.000302232	0.00258956	0.99741
N/A	0.00178347	0.9997	0.000300444	0.00361321	0.996387
N/A	0.00178387	0.999715	0.000285198	0.00119687	0.998803
N/A	0.00178592	0.999708	0.000292362	0.000439468	0.999561
N/A	0.00178628	0.999704	0.000296227	0.00371246	0.996288
N/A	0.00178656	0.999706	0.000294024	0.00446264	0.995537
N/A	0.00178775	0.999699	0.000300995	6.12097e-05	0.999939
N/A	0.00178825	0.999718	0.00028247	0.000338877	0.999661
N/A	0.00179025	0.999697	0.00030273	0.00103461	0.998965
N/A	0.00179033	0.999703	0.000296946	1.51378e-05	0.999985
N/A	0.00179151	0.999701	0.000298808	0.000211041	0.999789
N/A	0.0017923	0.999694	0.000305989	1.16724e-05	0.999988
N/A	0.00179282	0.999711	0.000289393	0.00859924	0.991401
N/A	0.00179333	0.999693	0.000306789	1.41878e-06	0.999999
N/A	0.00179532	0.999683	0.000316866	1.93934e-05	0.999981
N/A	0.0017965	0.999737	0.000263334	3.18124e-05	0.999968
N/A	0.00179921	0.999717	0.000282676	5.67444e-06	0.999994
N/A	0.0017998	0.999728	0.000272456	4.50205e-06	0.999995
N/A	0.00179981	0.999707	0.000292834	0.000191725	0.999808
N/A	0.0018017	0.999704	0.000296058	1.07076e-07	1
N/A	0.00180175	0.999685	0.000314768	0.000250524	0.999749
N/A	0.00180452	0.999688	0.000312335	0.0016363	0.998364
N/A	0.00180474	0.999704	0.000295825	6.98125e-07	0.999999
N/A	0.00180621	0.999691	0.00030871	0.000284001	0.999716
N/A	0.00180658	0.999694	0.000305864	0.000157277	0.999843
N/A	0.00180739	0.999726	0.000274116	2.15248e-07	1
N/A	0.00181005	0.999705	0.000295025	7.59912e-05	0.999924
N/A	0.00181116	0.999697	0.000303269	1.56058e-05	0.999984
N/A	0.0018117	0.999692	0.000308158	0.0004595	0.999541
N/A	0.00181277	0.999712	0.0002878	1.93423e-06	0.999998
N/A	0.0018159	0.99969	0.000310286	9.65804e-05	0.999903
N/A	0.0018189	0.999709	0.000290806	0.00385203	0.996148
N/A	0.00181985	0.999729	0.000270556	5.23313e-06	0.999995
N/A	0.00182277	0.999708	0.000291734	1.64714e-05	0.999984
N/A	0.00182372	0.999696	0.00030361	1.23031e-07	1
N/A	0.00182438	0.999706	0.000293696	9.30743e-07	0.999999
N/A	0.00182604	0.999711	0.000288527	5.95458e-07	0.999999
N/A	0.00182757	0.999701	0.000299444	0.0029312	0.997069
N/A	0.0018286	0.999697	0.0003031	0.00180539	0.998195
N/A	0.00183071	0.999705	0.000294751	0.000171325	0.999829
N/A	0.0018308	0.99969	0.000310337	0.00904535	0.990955
N/A	0.00183158	0.999691	0.000309219	3.23544e-06	0.999997
N/A	0.00183251	0.999726	0.0002742	1.08271e-07	1
N/A	0.00183311	0.999715	0.000285293	2.25026e-05	0.999977
N/A	0.00183344	0.99969	0.000309699	0.000627224	0.999373
N/A	0.00183405	0.999727	0.000272738	0.000442145	0.999558
N/A	0.00183448	0.999703	0.000297324	1.74973e-07	1
N/A	0.00183572	0.999721	0.000279424	0.000400877	0.999599
N/A	0.0018364	0.999724	0.000275971	0.00036981	0.99963
N/A	0.00183694	0.999696	0.00030446	0.00094112	0.999059
N/A	0.00183705	0.999708	0.000291947	0.00700583	0.992994
N/A	0.00183758	0.999698	0.000301562	0.00962983	0.99037
N/A	0.00183837	0.999696	0.000303844	2.97909e-07	1
N/A	0.00184111	0.999677	0.000322637	0.00515008	0.99485
N/A	0.0018417	0.999704	0.000296471	8.35894e-06	0.999992
N/A	0.00184463	0.999678	0.00032243	0.0010906	0.998909
N/A	0.00184561	0.999734	0.000266359	5.29834e-07	0.999999
N/A	0.00184587	0.999707	0.000292887	4.61468e-06	0.999995
N/A	0.00184606	0.999721	0.000278579	3.23736e-05	0.999968
N/A	0.0018471	0.999693	0.000306846	0.000662676	0.999337
N/A	0.00184722	0.999685	0.000314918	0.00152003	0.99848
N/A	0.00184886	0.999684	0.000316234	2.59718e-06	0.999997
N/A	0.00184922	0.999693	0.000307293	1.56217e-05	0.999984
N/A	0.00184982	0.999698	0.000301647	1.50513e-07	1
N/A	0.00184988	0.99972	0.000280095	4.06785e-07	1
N/A	0.00185174	0.999708	0.000291805	6.01979e-07	0.999999
N/A	0.00185252	0.999703	0.0002973	2.01795e-07	1
N/A	0.00185363	0.999706	0.000293645	3.59937e-05	0.999964
N/A	0.00185422	0.999728	0.000271838	1.85438e-05	0.999981
N/A	0.00185445	0.999683	0.000317319	1.85594e-07	1
N/A	0.0018564	0.999693	0.000307418	1.81085e-07	1
N/A	0.00185812	0.999701	0.000299211	1.11142e-07	1
N/A	0.00185893	0.999724	0.000276494	0.000179506	0.99982
N/A	0.00186048	0.999726	0.000273946	6.16019e-05	0.999938
N/A	0.00186079	0.999721	0.00027904	0.0010949	0.998905
N/A	0.00186183	0.999715	0.000285145	2.28897e-05	0.999977
N/A	0.00186276	0.999704	0.000295802	4.78434e-05	0.999952
N/A	0.00186299	0.999712	0.000288007	1.75977e-06	0.999998
N/A	0.00186302	0.999698	0.000301667	0.00173963	0.99826
N/A	0.00186368	0.999716	0.000284324	1.61918e-06	0.999998
N/A	0.00186543	0.999698	0.000301589	0.000178955	0.999821
N/A	0.00186548	0.99972	0.000280015	4.54125e-05	0.999955
N/A	0.0018661	0.999715	0.000285421	3.42184e-05	0.999966
N/A	0.00186723	0.999695	0.000305201	1.56438e-07	1
N/A	0.00186897	0.999708	0.000292477	0.00249671	0.997503
N/A	0.00186938	0.999696	0.000303924	0.00110823	0.998892
N/A	0.00187143	0.999704	0.000295806	1.38881e-05	0.999986
N/A	0.0018772	0.999715	0.000285305	0.000126493	0.999874
N/A	0.00187738	0.999667	0.000332836	1.8496e-06	0.999998
N/A	0.00187745	0.999696	0.000303551	5.49296e-05	0.999945
N/A	0.00187816	0.999724	0.000275514	5.73972e-06	0.999994
N/A	0.00187818	0.999712	0.000287942	1.40371e-06	0.999999
N/A	0.00187847	0.999708	0.000292088	0.002492	0.997508
N/A	0.00187891	0.999703	0.000297069	0.000475231	0.999525
N/A	0.00187913	0.999687	0.000312615	0.00986414	0.990136
N/A	0.00188084	0.999696	0.000304334	3.26053e-05	0.999967
N/A	0.00188106	0.999692	0.000307554	3.05902e-07	1
N/A	0.00188118	0.999724	0.000275986	0.0026694	0.997331
N/A	0.00188469	0.999724	0.000275546	1.2598e-07	1
N/A	0.00188511	0.999714	0.000286112	4.30852e-06	0.999996
N/A	0.00188614	0.999714	0.000286417	0.000237444	0.999763
N/A	0.00188646	0.999699	0.000300723	0.00562788	0.994372
N/A	0.0018876	0.999708	0.000291556	7.19343e-05	0.999928
N/A	0.00188784	0.999701	0.000298673	9.45544e-06	0.999991
N/A	0.00188966	0.999704	0.000295511	3.90018e-05	0.999961
N/A	0.00189582	0.999715	0.000285335	0.000166365	0.999834
N/A	0.00189876	0.999698	0.000302144	1.52992e-07	1
N/A	0.0019	0.999702	0.000297811	0.00107825	0.998922
N/A	0.00190146	0.999723	0.000277033	8.96853e-06	0.999991
N/A	0.00190154	0.999686	0.000314072	2.18431e-05	0.999978
N/A	0.00190227	0.999706	0.000294011	1.0859e-05	0.999989
N/A	0.00190458	0.999677	0.000323177	0.000316081	0.999684
N/A	0.00190503	0.999694	0.000305896	2.86989e-05	0.999971
N/A	0.00190545	0.999713	0.00028706	2.9493e-05	0.999971
N/A	0.00190575	0.999691	0.000308652	1.14096e-05	0.999989
N/A	0.00190721	0.999703	0.000296784	0.00010187	0.999898
N/A	0.00190727	0.999714	0.000285879	0.00018155	0.999818
N/A	0.00190737	0.999693	0.000307396	6.4737e-05	0.999935
N/A	0.00190864	0.999675	0.000324609	0.00362474	0.996375
N/A	0.00190946	0.999717	0.000282782	0.000804009	0.999196
N/A	0.00190969	0.999685	0.000314508	0.000582515	0.999417
N/A	0.0019122	0.999705	0.000295412	3.26185e-07	1
N/A	0.00191337	0.999692	0.000307506	8.93807e-05	0.999911
N/A	0.00191449	0.999699	0.000300869	7.5241e-06	0.999992
N/A	0.0019146	0.999693	0.000306863	0.000327875	0.999672
N/A	0.00191534	0.999692	0.000308007	5.65239e-06	0.999994
N/A	0.00191543	0.999704	0.000296131	0.00214775	0.997852
N/A	0.00191663	0.999679	0.000320958	0.000788542	0.999211
N/A	0.00191739	0.999712	0.000288069	4.54085e-05	0.999955
N/A	0.00191787	0.999725	0.000274841	2.65684e-07	1
N/A	0.00191788	0.999682	0.000318243	0.00633215	0.993668
N/A	0.00191811	0.999713	0.000287404	5.44618e-07	0.999999
N/A	0.00191855	0.99967	0.000330021	3.2772e-05	0.999967
N/A	0.00191922	0.999695	0.000305025	0.00070251	0.999297
N/A	0.00192056	0.999675	0.000324627	0.00140836	0.998592
N/A	0.00192135	0.999699	0.000300926	9.69679e-06	0.99999
N/A	0.00192174	0.999704	0.000295895	2.72591e-07	1
N/A	0.00192293	0.999718	0.000281763	0.00695146	0.993049
N/A	0.0019233	0.999724	0.000276413	0.000412856	0.999587
N/A	0.00192463	0.999707	0.000292611	0.00200636	0.997994
N/A	0.00192477	0.999683	0.000316783	5.91298e-07	0.999999
N/A	0.00192545	0.999714	0.00028602	0.000361394	0.999639
N/A	0.00192551	0.999695	0.000305365	1.09498e-07	1
N/A	0.0019259	0.99969	0.000309509	0.000482512	0.999517
N/A	0.00192598	0.99971	0.000289558	3.94181e-06	0.999996
N/A	0.00192613	0.999713	0.000287068	1.19705e-07	1
N/A	0.00192754	0.999684	0.000315942	2.73702e-07	1
N/A	0.00192779	0.999683	0.000317102	0.00169402	0.998306
N/A	0.00193093	0.999714	0.000286191	1.99479e-06	0.999998
N/A	0.00193188	0.999678	0.00032191	0.000236421	0.999764
N/A	0.00193222	0.999688	0.000311902	3.14674e-06	0.999997
N/A	0.00193546	0.99973	0.000270066	1.13885e-05	0.999989
N/A	0.0019366	0.999722	0.000277964	0.00014934	0.999851
N/A	0.00194211	0.999709	0.000290856	2.36196e-05	0.999976
N/A	0.00194249	0.999722	0.000277678	1.14264e-05	0.999989
N/A	0.00194262	0.999719	0.000280879	0.00011453	0.999885
N/A	0.00194263	0.999699	0.000301231	3.4815e-06	0.999997
N/A	0.0019431	0.999716	0.000284245	6.85786e-07	0.999999
N/A	0.0019441	0.999694	0.000305784	0.000335229	0.999665
N/A	0.00194962	0.999715	0.000285449	0.00407056	0.995929
N/A	0.00195128	0.999724	0.000275688	0.00182803	0.998172
N/A	0.00195159	0.999693	0.000307454	5.39292e-05	0.999946
N/A	0.00195174	0.999733	0.000267255	0.00057149	0.999429
N/A	0.00195247	0.999696	0.000304265	0.000615913	0.999384
N/A	0.0019535	0.999688	0.000312443	0.00166703	0.998333
N/A	0.00195635	0.999714	0.000286247	3.16338e-07	1
N/A	0.00195661	0.999732	0.00026834	5.17377e-05	0.999948
N/A	0.0019583	0.999676	0.000324431	4.99579e-07	1
N/A	0.00196097	0.999686	0.000313723	1.95079e-07	1
N/A	0.00196149	0.9997	0.000300048	8.34378e-07	0.999999
N/A	0.00196156	0.999691	0.000309084	6.27421e-05	0.999937
N/A	0.00196247	0.999709	0.000291012	0.000632628	0.999367
N/A	0.00196248	0.99972	0.00028023	3.62493e-06	0.999996
N/A	0.00196264	0.999674	0.000326427	0.000107108	0.999893
N/A	0.00196286	0.999713	0.000286592	2.47701e-06	0.999998
N/A	0.00196309	0.99971	0.000290406	4.42723e-07	1
N/A	0.00196441	0.999676	0.000324049	6.21974e-07	0.999999
N/A	0.00196501	0.999709	0.000291062	1.7881e-07	1
N/A	0.00196579	0.99973	0.000269905	5.47195e-05	0.999945
N/A	0.00196711	0.999708	0.000291687	2.12294e-06	0.999998
N/A	0.00196885	0.999673	0.000327059	2.95714e-05	0.99997
N/A	0.00196912	0.999706	0.000294499	1.03297e-06	0.999999
N/A	0.00196932	0.999709	0.000290946	0.000333177	0.999667
N/A	0.00196937	0.999718	0.000282378	4.07696e-05	0.999959
N/A	0.00197033	0.999696	0.000304017	0.00462679	0.995373
N/A	0.00197052	0.999728	0.000272261	1.09394e-07	1
N/A	0.00197058	0.999705	0.000294985	9.3092e-07	0.999999
N/A	0.00197427	0.9997	0.000300228	2.58559e-07	1
N/A	0.00197539	0.999717	0.000282719	1.63203e-06	0.999998
N/A	0.0019772	0.999724	0.000276075	8.7719e-05	0.999912
N/A	0.00197733	0.999695	0.000304702	2.37641e-05	0.999976
N/A	0.00197817	0.999711	0.000288884	0.00991616	0.990084
N/A	0.00197819	0.999696	0.000303717	0.00535054	0.994649
N/A	0.00197966	0.999699	0.000301194	0.00103339	0.998967
N/A	0.00197966	0.999674	0.000326031	0.000122635	0.999877
N/A	0.00198272	0.999734	0.000266366	0.000606402	0.999394
N/A	0.00198305	0.999706	0.000293906	0.00585342	0.994147
N/A	0.00198363	0.99972	0.000279654	0.00233103	0.997669
N/A	0.00198503	0.999701	0.000299495	9.33283e-05	0.999907
N/A	0.00198617	0.999669	0.000330702	1.21355e-05	0.999988
N/A	0.00198623	0.999677	0.000322507	0.00138638	0.998614
N/A	0.00198756	0.999701	0.00029918	0.00469549	0.995305
N/A	0.00198763	0.999722	0.000277621	3.37349e-05	0.999966
N/A	0.00198811	0.99971	0.000290125	8.53956e-07	0.999999
N/A	0.00198835	0.999714	0.000286337	6.37313e-07	0.999999
N/A	0.00199029	0.999723	0.000277319	1.07741e-05	0.999989
N/A	0.00199195	0.999703	0.000297445	9.93265e-07	0.999999
N/A	0.00199259	0.99972	0.00027955	2.42651e-05	0.999976
N/A	0.0019927	0.999719	0.000280725	3.94544e-05	0.999961
N/A	0.00199308	0.999722	0.00027768	1.25394e-05	0.999987
N/A	0.00199365	0.999702	0.000298232	9.06529e-05	0.999909
N/A	0.00199448	0.999694	0.000305621	4.22434e-07	1
N/A	0.00199849	0.999681	0.000319112	1.2724e-07	1
N/A	0.0019991	0.999699	0.00030086	1.71658e-05	0.999983
N/A	0.00199974	0.999728	0.000272387	0.000249423	0.999751
N/A	0.00199987	0.999698	0.000301684	5.7201e-06	0.999994
N/A	0.00200166	0.999699	0.000300595	1.20291e-07	1
N/A	0.00200182	0.999673	0.000327285	4.4586e-05	0.999955
N/A	0.00200505	0.999671	0.000328595	0.00461811	0.995382
N/A	0.00200517	0.999711	0.000288713	0.00054849	0.999452
N/A	0.00200548	0.999694	0.000306157	1.91798e-05	0.999981
N/A	0.00200559	0.999705	0.000294847	9.68787e-07	0.999999
N/A	0.00200655	0.999693	0.000306899	1.09867e-06	0.999999
N/A	0.00200863	0.999701	0.000299462	1.59546e-07	1
N/A	0.00200955	0.999703	0.00029719	1.8668e-05	0.999981
N/A	0.00201049	0.999711	0.000288864	6.518e-07	0.999999
N/A	0.00201095	0.999682	0.000317729	2.63001e-05	0.999974
N/A	0.00201134	0.999678	0.000322209	1.14256e-05	0.999989
N/A	0.00201156	0.999691	0.000309096	0.000134165	0.999866
N/A	0.00201394	0.999702	0.000297589	0.000190027	0.99981
N/A	0.00201621	0.999676	0.000324084	1.19665e-06	0.999999
N/A	0.00201779	0.999726	0.000274304	0.000388605	0.999611
N/A	0.00201798	0.999711	0.000288591	2.93085e-05	0.999971
N/A	0.00201804	0.999711	0.000288607	0.000931949	0.999068
N/A	0.0020193	0.999709	0.000291362	0.000446456	0.999554
N/A	0.00201978	0.999702	0.000298352	0.00375116	0.996249
N/A	0.00202013	0.999729	0.000271392	0.00426638	0.995734
N/A	0.00202092	0.999681	0.000318557	2.02034e-07	1
N/A	0.0020218	0.9997	0.000299603	1.09761e-05	0.999989
N/A	0.00202209	0.999692	0.000307972	1.68949e-05	0.999983
N/A	0.00202423	0.999712	0.0002877	1.09065e-05	0.999989
N/A	0.00202439	0.999707	0.000292905	1.38409e-06	0.999999
N/A	0.00202524	0.999697	0.000302583	0.000965467	0.999035
N/A	0.00202632	0.999692	0.000308091	6.04718e-07	0.999999
N/A	0.00202647	0.999718	0.000281739	7.11808e-05	0.999929
N/A	0.00202871	0.999675	0.000325287	5.64538e-06	0.999994
N/A	0.00202891	0.999691	0.000309221	1.22772e-07	1
N/A	0.0020293	0.999685	0.000314871	0.000197141	0.999803
N/A	0.00202986	0.999687	0.000313115	3.23573e-07	1
N/A	0.00203092	0.999692	0.000307884	0.00188191	0.998118
N/A	0.0020314	0.999662	0.000337932	5.0856e-05	0.999949
N/A	0.00203196	0.999695	0.000304684	0.00127307	0.998727
N/A	0.00203411	0.999713	0.000286568	5.69307e-06	0.999994
N/A	0.0020345	0.99969	0.000309595	1.3812e-05	0.999986
N/A	0.00203473	0.999697	0.000302984	1.69144e-05	0.999983
N/A	0.00203492	0.999691	0.000309087	0.000153149	0.999847
N/A	0.00203569	0.999688	0.000312171	0.000858845	0.999141
N/A	0.00203682	0.999708	0.000291737	4.41349e-07	1
N/A	0.00203744	0.999717	0.000282559	3.68791e-07	1
N/A	0.00203811	0.999709	0.000291468	1.6685e-05	0.999983
N/A	0.00203897	0.999703	0.000296667	3.38635e-06	0.999997
N/A	0.00203972	0.999716	0.00028419	0.00286387	0.997136
N/A	0.00203998	0.999696	0.000304495	4.27931e-07	1
N/A	0.00204236	0.999725	0.000275447	9.36704e-06	0.999991
N/A	0.00204368	0.999726	0.000274367	3.79676e-06	0.999996
N/A	0.00204431	0.999713	0.00028739	1.92271e-06	0.999998
N/A	0.0020482	0.999719	0.000280868	7.33419e-05	0.999927
N/A	0.00204916	0.999671	0.000328791	0.00857558	0.991424
N/A	0.00204945	0.999711	0.000289483	2.92294e-07	1
N/A	0.00204981	0.999703	0.000297	1.99858e-06	0.999998
N/A	0.00205008	0.999729	0.000271423	0.00218892	0.997811
N/A	0.00205046	0.999663	0.000337229	0.000500994	0.999499
N/A	0.0020512	0.999704	0.000296455	4.21557e-05	0.999958
N/A	0.00205253	0.999698	0.000301649	0.00055981	0.99944
N/A	0.00205323	0.99966	0.000340032	0.00479464	0.995205
N/A	0.00205466	0.999683	0.000317091	1.41743e-07	1
N/A	0.00205623	0.999686	0.000314443	0.00214645	0.997854
N/A	0.00205634	0.999713	0.000287151	0.00100177	0.998998
N/A	0.00205683	0.999719	0.000280584	2.72328e-05	0.999973
N/A	0.00205713	0.999694	0.000305648	2.31215e-05	0.999977
N/A	0.00205764	0.999696	0.000303771	0.000276581	0.999723
N/A	0.00205967	0.999719	0.000280804	2.5537e-07	1
N/A	0.00206065	0.999692	0.000307957	8.27424e-06	0.999992
N/A	0.00206101	0.999701	0.000299496	0.00096455	0.999035
N/A	0.00206151	0.999674	0.000325732	0.00424679	0.995753
N/A	0.00206407	0.999671	0.00032881	1.02095e-06	0.999999
N/A	0.00206427	0.999685	0.00031534	0.000328448	0.999672
N/A	0.00206449	0.999687	0.000312748	0.00269478	0.997305
N/A	0.00206452	0.999679	0.00032147	1.81101e-07	1
N/A	0.00206452	0.9997	0.000300185	0.000720804	0.999279
N/A	0.00206535	0.999732	0.000268418	8.4366e-06	0.999992
N/A	0.00206637	0.999718	0.000281608	4.39865e-06	0.999996
N/A	0.0020664	0.999701	0.000299004	0.000451545	0.999548
N/A	0.00206746	0.9997	0.000299767	1.44081e-05	0.999986
N/A	0.00206928	0.999688	0.000312232	1.5693e-06	0.999998
N/A	0.00206963	0.999704	0.000296251	2.31321e-05	0.999977
N/A	0.00207044	0.9997	0.000300237	1.91309e-07	1
N/A	0.00207046	0.999686	0.000314101	7.39738e-07	0.999999
N/A	0.00207263	0.999698	0.000302288	1.22866e-07	1
N/A	0.00207435	0.999713	0.000287323	1.92789e-07	1
N/A	0.00207489	0.999718	0.000281901	3.03084e-06	0.999997
N/A	0.00207533	0.999728	0.000272016	0.000625456	0.999375
N/A	0.00207535	0.99968	0.000320478	0.0091518	0.990848
N/A	0.00207659	0.999699	0.000301196	0.000143052	0.999857
N/A	0.00207685	0.999729	0.000270545	0.00508862	0.994911
N/A	0.00207699	0.999711	0.000288721	2.02322e-06	0.999998
N/A	0.00207761	0.999686	0.00031398	0.00561224	0.994388
N/A	0.00207871	0.999694	0.000305537	1.5549e-07	1
N/A	0.00207876	0.99973	0.000269883	1.12256e-06	0.999999
N/A	0.00207918	0.999713	0.000287222	1.48225e-06	0.999999
N/A	0.00207959	0.99972	0.000280177	3.04226e-05	0.99997
N/A	0.00208008	0.999671	0.000329378	9.15077e-07	0.999999
N/A	0.0020802	0.999721	0.000279443	5.35827e-06	0.999995
N/A	0.00208055	0.999714	0.000285519	0.000732866	0.999267
N/A	0.00208086	0.999717	0.000283294	0.000297177	0.999703
N/A	0.00208294	0.999715	0.000285072	8.65729e-05	0.999913
N/A	0.00208295	0.99968	0.000319611	0.00141021	0.99859
N/A	0.0020833	0.999685	0.000315336	0.000478985	0.999521
N/A	0.00208347	0.999714	0.000285588	1.67866e-07	1
N/A	0.00208548	0.999705	0.000295387	0.00277758	0.997222
N/A	0.0020862	0.999696	0.000304408	1.42224e-06	0.999999
N/A	0.00208622	0.999728	0.000271726	0.00762501	0.992375
N/A	0.00208855	0.999731	0.000268727	0.0016021	0.998398
N/A	0.00209278	0.999723	0.00027678	8.73537e-07	0.999999
N/A	0.0020936	0.99971	0.000290326	1.34872e-06	0.999999
N/A	0.00209475	0.999686	0.000314178	6.48922e-07	0.999999
N/A	0.00209517	0.999687	0.000313223	1.16073e-07	1
N/A	0.00209532	0.999708	0.000292159	2.02402e-05	0.99998
N/A	0.00209613	0.999698	0.00030156	9.28675e-05	0.999907
N/A	0.00209622	0.999726	0.000274148	1.47491e-07	1
N/A	0.0020965	0.999683	0.000317076	2.38873e-05	0.999976
N/A	0.00209667	0.999701	0.000299416	4.05888e-06	0.999996
N/A	0.00209725	0.999709	0.000290972	2.73553e-06	0.999997
N/A	0.00209737	0.999738	0.000262436	2.09241e-06	0.999998
N/A	0.00209832	0.999702	0.000298119	0.000833306	0.999167
N/A	0.00209975	0.9997	0.000300433	4.7858e-07	1
N/A	0.00209993	0.999712	0.000287529	3.08385e-06	0.999997
N/A	0.00210201	0.999706	0.00029418	0.000236523	0.999763
N/A	0.00210229	0.999723	0.000276816	5.30623e-06	0.999995
N/A	0.00210287	0.99974	0.00025951	0.00123038	0.99877
N/A	0.00210371	0.999695	0.000305041	4.67399e-05	0.999953
N/A	0.00210545	0.999675	0.000324918	8.82601e-06	0.999991
N/A	0.00210634	0.999724	0.000275689	0.000113685	0.999886
N/A	0.00210674	0.999678	0.00032171	1.30404e-05	0.999987
N/A	0.00210906	0.999708	0.000291556	0.00112468	0.998875
N/A	0.00210975	0.999723	0.0002775	4.20602e-05	0.999958
N/A	0.00211088	0.999713	0.000287207	4.83699e-07	1
N/A	0.00211208	0.99971	0.000289658	0.000133112	0.999867
N/A	0.00211222	0.999724	0.000276454	0.0063854	0.993615
N/A	0.00211292	0.999709	0.000290529	0.000144026	0.999856
N/A	0.0021132	0.999728	0.000271843	3.8633e-07	1
N/A	0.00211373	0.999733	0.000266826	9.95541e-06	0.99999
N/A	0.00211397	0.999709	0.000290831	0.000128154	0.999872
N/A	0.00211472	0.999704	0.000295873	2.14783e-06	0.999998
N/A	0.00211496	0.99972	0.000280428	5.25863e-06	0.999995
N/A	0.00211564	0.999706	0.000293698	1.03489e-06	0.999999
N/A	0.00211785	0.999717	0.000283459	1.0818e-05	0.999989
N/A	0.00211929	0.999716	0.000283546	2.04062e-05	0.99998
N/A	0.00212029	0.999708	0.000292203	1.32541e-05	0.999987
N/A	0.00212142	0.999714	0.000286494	4.9366e-05	0.999951
N/A	0.00212228	0.99973	0.000270061	1.32883e-06	0.999999
N/A	0.00212269	0.999717	0.000283383	2.35634e-06	0.999998
N/A	0.00212354	0.999705	0.000294715	7.44422e-07	0.999999
N/A	0.00212678	0.999689	0.000311257	0.00450087	0.995499
N/A	0.00212767	0.99969	0.000309775	4.64548e-07	1
N/A	0.00212846	0.99971	0.000289539	2.24036e-06	0.999998
N/A	0.00212905	0.999684	0.00031606	0.00435108	0.995649
N/A	0.00212945	0.999677	0.000322886	5.63876e-05	0.999944
N/A	0.00213037	0.999713	0.000287262	0.00127639	0.998724
N/A	0.00213048	0.999688	0.000311707	1.33411e-05	0.999987
N/A	0.00213073	0.999707	0.000293059	5.24592e-07	0.999999
N/A	0.00213206	0.999711	0.000288752	0.00106283	0.998937
N/A	0.00213212	0.999682	0.000318318	9.3038e-06	0.999991
N/A	0.0021336	0.999689	0.000311468	1.57565e-06	0.999998
N/A	0.00213526	0.999728	0.000271614	0.000187698	0.999812
N/A	0.00213835	0.999707	0.000292596	8.75045e-07	0.999999
N/A	0.00213844	0.999706	0.000293722	2.79287e-05	0.999972
N/A	0.00213874	0.999704	0.000296375	0.000722249	0.999278
N/A	0.00214008	0.99968	0.000319959	2.29611e-05	0.999977
N/A	0.00214248	0.999693	0.000307023	0.00215954	0.99784
N/A	0.00214418	0.999662	0.000337749	3.15517e-06	0.999997
N/A	0.00214565	0.999704	0.000296356	0.00288024	0.99712
N/A	0.00214613	0.999716	0.000284394	0.00153467	0.998465
N/A	0.00214751	0.999739	0.000260574	1.33565e-07	1
N/A	0.00214861	0.999726	0.000273876	4.26307e-05	0.999957
N/A	0.00214981	0.999694	0.000306364	2.32096e-07	1
N/A	0.00215242	0.999699	0.000301399	2.04483e-07	1
N/A	0.00215282	0.999693	0.000307284	1.15734e-07	1
N/A	0.00215425	0.999721	0.000279119	6.12451e-07	0.999999
N/A	0.00215805	0.999703	0.000296577	4.2646e-05	0.999957
N/A	0.00215927	0.9997	0.000300225	0.000860959	0.999139
N/A	0.00216054	0.999703	0.000296713	0.00043352	0.999566
N/A	0.00216074	0.999719	0.000280804	3.53297e-05	0.999965
N/A	0.00216088	0.999699	0.000301475	6.15103e-07	0.999999
N/A	0.00216106	0.999715	0.000284818	2.22115e-06	0.999998
N/A	0.00216152	0.999721	0.00027895	1.41473e-05	0.999986
N/A	0.00216312	0.99969	0.000309514	0.00080065	0.999199
N/A	0.00216461	0.999693	0.00030725	0.000210575	0.999789
N/A	0.00216739	0.999724	0.000276114	1.44804e-06	0.999999
N/A	0.00216784	0.999673	0.00032736	7.95816e-05	0.99992
N/A	0.0021685	0.999695	0.000304902	5.20853e-05	0.999948
N/A	0.00216895	0.999697	0.000303486	0.000196948	0.999803
N/A	0.00216975	0.999693	0.000307262	1.17392e-06	0.999999
N/A	0.00217114	0.999732	0.000267512	4.52919e-07	1
N/A	0.00217272	0.999707	0.000292558	5.98678e-07	0.999999
N/A	0.00217289	0.99972	0.000280101	8.1717e-05	0.999918
N/A	0.00217308	0.999697	0.000302953	5.74294e-05	0.999943
N/A	0.00217349	0.999685	0.000315431	0.000363563	0.999636
N/A	0.00217376	0.999667	0.000332744	2.49206e-06	0.999998
N/A	0.00217405	0.999707	0.000292788	0.000110401	0.99989
N/A	0.0021741	0.999684	0.000316055	0.00327752	0.996722
N/A	0.00217462	0.999694	0.000306361	9.99895e-07	0.999999
N/A	0.00217485	0.999714	0.000286426	1.14009e-05	0.999989
N/A	0.00217492	0.999715	0.000285459	0.000395449	0.999605
N/A	0.0021751	0.99969	0.000310487	8.45931e-06	0.999992
N/A	0.00217542	0.999685	0.0003147	0.00232756	0.997672
N/A	0.0021824	0.999701	0.000298517	0.00850685	0.991493
N/A	0.00218262	0.999692	0.000307688	1.93097e-07	1
N/A	0.00218767	0.999666	0.000334186	0.00123124	0.998769
N/A	0.00218768	0.999696	0.000304267	1.32309e-05	0.999987
N/A	0.00218861	0.999691	0.000308785	3.61236e-06	0.999996
N/A	0.00218942	0.999699	0.000300858	0.000394794	0.999605
N/A	0.00218999	0.999684	0.000316166	6.41354e-06	0.999994
N/A	0.00219063	0.999726	0.000274284	7.7146e-06	0.999992
N/A	0.00219113	0.99972	0.00027977	7.49e-06	0.999993
N/A	0.00219117	0.999697	0.000303181	2.30661e-07	1
N/A	0.00219222	0.999678	0.000322467	0.00228168	0.997718
N/A	0.00219234	0.99971	0.000290481	0.00021214	0.999788
N/A	0.00219268	0.999705	0.000294951	1.4956e-07	1
N/A	0.00219276	0.99972	0.000279791	0.00363819	0.996362
N/A	0.00219327	0.999718	0.000282023	0.00137662	0.998623
N/A	0.00219413	0.999685	0.000315204	1.9415e-05	0.999981
N/A	0.00219447	0.9997	0.000299727	0.000305214	0.999695
N/A	0.00219552	0.999712	0.000287655	1.0357e-06	0.999999
N/A	0.00219567	0.999693	0.000307314	0.000127279	0.999873
N/A	0.00219623	0.999685	0.000314704	4.61921e-05	0.999954
N/A	0.00219645	0.999738	0.000262167	0.00017069	0.999829
N/A	0.00219695	0.9997	0.000299555	4.83982e-06	0.999995
N/A	0.00219981	0.999673	0.000327165	3.81347e-07	1
N/A	0.00220028	0.999691	0.000308715	9.73122e-06	0.99999
N/A	0.00220128	0.999724	0.000276482	0.00227555	0.997724
N/A	0.00220233	0.999705	0.000295373	0.000307992	0.999692
N/A	0.00220379	0.999717	0.000282664	0.000380552	0.999619
N/A	0.00220629	0.999689	0.00031106	0.000526131	0.999474
N/A	0.00220707	0.9997	0.000300083	0.00335152	0.996648
N/A	0.00220779	0.999717	0.000283134	1.19491e-05	0.999988
N/A	0.0022082	0.999726	0.000274132	6.76993e-07	0.999999
N/A	0.0022089	0.999724	0.000275892	9.09591e-07	0.999999
N/A	0.00220891	0.999687	0.000313211	1.3687e-06	0.999999
N/A	0.00220939	0.999669	0.000330703	1.64785e-05	0.999984
N/A	0.0022146	0.999688	0.000312299	4.34082e-06	0.999996
N/A	0.00221485	0.999687	0.000312692	0.00757655	0.992423
N/A	0.0022152	0.999689	0.000311389	0.00177391	0.998226
N/A	0.00221583	0.999725	0.000275458	7.91512e-05	0.999921
N/A	0.0022159	0.999717	0.000282625	0.000843786	0.999156
N/A	0.00221724	0.999716	0.000284193	7.51199e-05	0.999925
N/A	0.00221771	0.999729	0.000270608	3.52458e-06	0.999996
N/A	0.00221781	0.999676	0.000323761	8.9261e-06	0.999991
N/A	0.00222241	0.999715	0.000285041	0.00147015	0.99853
N/A	0.00222314	0.999696	0.000303801	7.21264e-05	0.999928
N/A	0.00222666	0.999707	0.000292822	0.00138445	0.998616
N/A	0.00222705	0.999696	0.000304295	3.69321e-06	0.999996
N/A	0.00223109	0.999714	0.000285807	0.000293239	0.999707
N/A	0.00223244	0.999684	0.000315749	0.00208799	0.997912
N/A	0.00223331	0.999729	0.000271187	4.08854e-06	0.999996
N/A	0.00223453	0.999712	0.000288038	0.0060952	0.993905
N/A	0.00223481	0.999702	0.000298432	6.37974e-06	0.999994
N/A	0.00223489	0.999723	0.000277407	2.23911e-06	0.999998
N/A	0.00223545	0.999721	0.000278707	1.13117e-05	0.999989
N/A	0.00223642	0.99971	0.000289867	0.00257698	0.997423
N/A	0.00223818	0.999688	0.000312101	0.00144748	0.998553
N/A	0.00223917	0.99969	0.000310255	6.28844e-07	0.999999
N/A	0.00224078	0.999684	0.000316211	0.000546598	0.999453
N/A	0.00224142	0.999723	0.000277245	6.55447e-06	0.999993
N/A	0.00224187	0.999676	0.000323791	0.00200304	0.997997
N/A	0.00224222	0.999713	0.000286663	0.000113382	0.999887
N/A	0.00224421	0.999716	0.000283938	2.66259e-07	1
N/A	0.00224503	0.999719	0.000280538	6.31941e-05	0.999937
N/A	0.00224649	0.999714	0.000286288	0.000187046	0.999813
N/A	0.00224653	0.999732	0.0002682	1.19775e-05	0.999988
N/A	0.00224729	0.999678	0.000322019	0.000104558	0.999895
N/A	0.00224738	0.999693	0.000307413	0.000847608	0.999152
N/A	0.00224774	0.999681	0.000318716	4.12698e-05	0.999959
N/A	0.00224812	0.999709	0.000291028	1.58084e-06	0.999998
N/A	0.00224812	0.99972	0.000280451	0.000836683	0.999163
N/A	0.00224834	0.999684	0.000315576	0.00257662	0.997423
N/A	0.00224839	0.999686	0.000314278	1.98114e-07	1
N/A	0.00224944	0.999704	0.000296375	0.00178217	0.998218
N/A	0.00225	0.999682	0.00031769	9.59921e-06	0.99999
N/A	0.00225203	0.99972	0.000280306	8.11459e-05	0.999919
N/A	0.00225335	0.999741	0.000259365	9.28558e-06	0.999991
N/A	0.00225459	0.999715	0.000284906	0.000111987	0.999888
N/A	0.00225762	0.999738	0.000261932	3.48065e-07	1
N/A	0.00226157	0.999708	0.000292419	1.59253e-05	0.999984
N/A	0.00226207	0.999713	0.000287454	4.12175e-06	0.999996
N/A	0.00226244	0.999684	0.00031649	0.000116866	0.999883
N/A	0.00226408	0.999686	0.000314404	0.000101577	0.999898
N/A	0.00226591	0.999701	0.0002987	3.09193e-07	1
N/A	0.00226629	0.999664	0.000335716	0.00243744	0.997563
N/A	0.00226963	0.999666	0.000334373	0.008356	0.991644
N/A	0.00226968	0.99966	0.000340253	0.00027886	0.999721
N/A	0.00226997	0.999674	0.000325551	0.00696755	0.993032
N/A	0.00227078	0.999717	0.000283175	1.28675e-05	0.999987
N/A	0.00227139	0.999701	0.000299299	0.00068691	0.999313
N/A	0.00227261	0.999721	0.000279102	3.70934e-07	1
N/A	0.00227301	0.999723	0.000276856	0.000637473	0.999363
N/A	0.00227346	0.999723	0.000276819	0.000270138	0.99973
N/A	0.00227366	0.999687	0.000313077	1.14704e-06	0.999999
N/A	0.00227472	0.999725	0.00027493	4.22302e-05	0.999958
N/A	0.0022752	0.999691	0.000308899	2.747e-07	1
N/A	0.00227578	0.999676	0.000324239	5.12725e-06	0.999995
N/A	0.00227712	0.999704	0.000296228	1.3517e-07	1
N/A	0.00227728	0.999718	0.000282292	1.20787e-07	1
N/A	0.00227817	0.999724	0.00027586	0.00132241	0.998678
N/A	0.00227865	0.999744	0.000256383	0.000158506	0.999841
N/A	0.00227891	0.999689	0.000310838	6.56121e-05	0.999934
N/A	0.00228077	0.999712	0.000288329	8.97881e-05	0.99991
N/A	0.00228306	0.999692	0.00030773	5.98815e-06	0.999994
N/A	0.00228307	0.999716	0.000284277	0.00032856	0.999671
N/A	0.00228397	0.999706	0.000294497	4.5802e-06	0.999995
N/A	0.00228415	0.999667	0.000332849	0.000352854	0.999647
N/A	0.00228456	0.999674	0.00032595	0.000297106	0.999703
N/A	0.00228543	0.999681	0.000318564	5.07566e-05	0.999949
N/A	0.00228574	0.999717	0.000282986	5.26485e-07	0.999999
N/A	0.0022858	0.999718	0.000281712	0.000383522	0.999616
N/A	0.00228671	0.999732	0.000267799	0.000767879	0.999232
N/A	0.00228799	0.999712	0.000287985	0.000115138	0.999885
N/A	0.00228891	0.999724	0.000276271	1.16489e-06	0.999999
N/A	0.00228904	0.999688	0.000311987	0.00184992	0.99815
N/A	0.00229011	0.999705	0.000294559	0.000226807	0.999773
N/A	0.00229065	0.999721	0.000279127	2.28507e-07	1
N/A	0.00229109	0.999691	0.000308833	3.41825e-07	1
N/A	0.0022921	0.999735	0.000264898	2.02147e-07	1
N/A	0.00229551	0.999705	0.000295433	1.40848e-05	0.999986
N/A	0.00229762	0.999713	0.000286979	0.00594932	0.994051
N/A	0.00229776	0.999723	0.000276932	7.70567e-07	0.999999
N/A	0.00229825	0.999726	0.000274051	7.48866e-07	0.999999
N/A	0.00230116	0.999696	0.00030363	3.98953e-05	0.99996
N/A	0.00230385	0.99969	0.000310004	0.000139416	0.999861
N/A	0.00230441	0.999685	0.000315252	1.38271e-05	0.999986
N/A	0.00230806	0.999686	0.000313923	3.88437e-05	0.999961
N/A	0.0023084	0.999686	0.000313733	0.000941924	0.999058
N/A	0.00230935	0.999679	0.000320932	1.7431e-07	1
N/A	0.00231211	0.999692	0.000307619	7.31612e-05	0.999927
N/A	0.00231215	0.999725	0.000274766	8.80401e-05	0.999912
N/A	0.00231262	0.999684	0.000316205	0.00166534	0.998335
N/A	0.00231275	0.999718	0.000282479	2.32261e-05	0.999977
N/A	0.00231491	0.999683	0.000317375	4.09869e-07	1
N/A	0.00231548	0.999694	0.000306142	0.000819085	0.999181
N/A	0.00231585	0.99971	0.000289863	5.43869e-06	0.999995
N/A	0.0023161	0.999689	0.000311396	0.000226862	0.999773
N/A	0.0023166	0.999726	0.000274048	0.00183712	0.998163
N/A	0.00231717	0.999671	0.000329153	0.000117863	0.999882
N/A	0.00231869	0.999731	0.000268749	4.67626e-05	0.999953
N/A	0.00231888	0.999694	0.000305747	0.00016556	0.999834
N/A	0.00232028	0.99969	0.000310174	0.0001122	0.999888
N/A	0.00232226	0.999733	0.000267029	0.0028526	0.997147
N/A	0.0023223	0.999709	0.00029147	4.94703e-05	0.999951
N/A	0.00232365	0.999719	0.000281454	1.64079e-05	0.999984
N/A	0.00232614	0.999712	0.000287509	3.83413e-07	1
N/A	0.00232651	0.99967	0.000329991	0.00822695	0.991773
N/A	0.00232744	0.999718	0.000282288	1.10911e-07	1
N/A	0.00232873	0.999719	0.000281418	1.81992e-07	1
N/A	0.00232875	0.999669	0.000330818	0.00852265	0.991477
N/A	0.00232939	0.999704	0.0002962	0.000748405	0.999252
N/A	0.00233005	0.999716	0.000284494	0.0068002	0.9932
N/A	0.00233045	0.999667	0.000332568	0.000696148	0.999304
N/A	0.00233153	0.999672	0.00032802	3.37871e-06	0.999997
N/A	0.00233242	0.999727	0.000272924	1.96222e-06	0.999998
N/A	0.00233389	0.999704	0.0002962	7.77059e-05	0.999922
N/A	0.0023345	0.999733	0.000266643	0.00248568	0.997514
N/A	0.0023354	0.999686	0.00031395	7.66697e-07	0.999999
N/A	0.00233588	0.999674	0.000325584	8.85162e-07	0.999999
N/A	0.00233604	0.999681	0.000318572	0.00162923	0.998371
N/A	0.00233703	0.999702	0.000298177	1.22536e-05	0.999988
N/A	0.00234018	0.999743	0.000256581	0.00128577	0.998714
N/A	0.00234221	0.999676	0.000324208	5.76058e-05	0.999942
N/A	0.00234293	0.9997	0.000299909	5.55388e-07	0.999999
N/A	0.00234364	0.999663	0.00033711	0.00797158	0.992028
N/A	0.00234368	0.999681	0.000318797	0.00715348	0.992847
N/A	0.00234371	0.999703	0.00029742	1.03622e-07	1
N/A	0.00234424	0.9997	0.000299502	0.00058832	0.999412
N/A	0.00234577	0.999692	0.000307924	1.55453e-06	0.999998
N/A	0.0023461	0.999693	0.000307095	1.17314e-05	0.999988
N/A	0.00234621	0.999679	0.000321172	3.81165e-06	0.999996
N/A	0.00234668	0.999682	0.000317663	0.000517211	0.999483
N/A	0.00234766	0.999663	0.000336766	7.16025e-06	0.999993
N/A	0.00235081	0.999694	0.000305699	8.40766e-07	0.999999
N/A	0.00235204	0.999689	0.000310705	2.18154e-05	0.999978
N/A	0.00235213	0.999692	0.000308403	4.12006e-07	1
N/A	0.00235237	0.99968	0.000320431	7.21883e-06	0.999993
N/A	0.0023525	0.9997	0.000299768	0.000128165	0.999872
N/A	0.00235319	0.999733	0.000266808	1.41367e-05	0.999986
N/A	0.00235466	0.99969	0.000310372	1.91635e-07	1
N/A	0.00235583	0.999722	0.000277598	0.00011387	0.999886
N/A	0.00235611	0.999737	0.000262883	0.00196172	0.998038
N/A	0.00235685	0.999682	0.000317644	0.00676645	0.993234
N/A	0.00235739	0.999669	0.000331499	0.000278699	0.999721
N/A	0.00235927	0.999707	0.000293291	2.09519e-07	1
N/A	0.00235989	0.999698	0.000301629	0.000541683	0.999458
N/A	0.00236134	0.999698	0.000301527	0.0013543	0.998646
N/A	0.00236145	0.999732	0.000267942	1.784e-06	0.999998
N/A	0.00236372	0.999689	0.000310753	0.00235908	0.997641
N/A	0.00236513	0.99966	0.000340103	0.00153669	0.998463
N/A	0.00236631	0.999712	0.00028846	0.00895261	0.991047
N/A	0.00236704	0.999704	0.000295658	4.49118e-05	0.999955
N/A	0.00236823	0.999682	0.000317792	1.26217e-07	1
N/A	0.00236827	0.999732	0.00026768	1.45843e-05	0.999985
N/A	0.00236965	0.999707	0.000292773	0.0096088	0.990391
N/A	0.00237264	0.999681	0.000319364	0.00212973	0.99787
N/A	0.00237265	0.999699	0.000301236	0.000278354	0.999722
N/A	0.00237359	0.999693	0.000307467	0.00570845	0.994292
N/A	0.00237369	0.999703	0.000297056	0.00880616	0.991194
N/A	0.00237392	0.999722	0.000278281	2.81935e-07	1
N/A	0.00237504	0.999726	0.000273745	1.29224e-07	1
N/A	0.00237537	0.999701	0.00029934	2.68655e-06	0.999997
N/A	0.00237554	0.999716	0.000283603	0.000602718	0.999397
N/A	0.00237565	0.999678	0.000321625	3.55048e-06	0.999996
N/A	0.00237676	0.999726	0.000273912	0.000944245	0.999056
N/A	0.00237772	0.999677	0.000323319	1.39908e-07	1
N/A	0.00237802	0.999713	0.00028741	1.14066e-05	0.999989
N/A	0.00237818	0.99971	0.000290267	2.82925e-07	1
